province	khum
preahvihear	ឃុំស្អាង
preahvihear	ឃុំតស៊ូ
preahvihear	ឃុំខ្យង
preahvihear	ឃុំច្រាច់
preahvihear	ឃុំធ្មា
preahvihear	ឃុំពុទ្រា
preahvihear	ឃុំឆែបមួយ
preahvihear	ឃុំឆែបពីរ
preahvihear	ឃុំសង្កែមួយ
preahvihear	ឃុំសង្កែពីរ
preahvihear	ឃុំម្លូព្រៃមួយ
preahvihear	ឃុំម្លូព្រៃពីរ
preahvihear	ឃុំកំពង់ស្រឡៅមួយ
preahvihear	ឃុំកំពង់ស្រឡៅពីរ
preahvihear	ឃុំជាំក្សាន្ដ
preahvihear	ឃុំទឹកក្រហម
preahvihear	ឃុំព្រីងធំ
preahvihear	ឃុំរំដោះស្រែ
preahvihear	ឃុំយាង
preahvihear	ឃុំកន្ទួត
preahvihear	ឃុំស្រអែម
preahvihear	ឃុំមរកត
preahvihear	ឃុំគូលែនត្បូង
preahvihear	ឃុំគូលែនជើង
preahvihear	ឃុំថ្មី
preahvihear	ឃុំភ្នំពេញ
preahvihear	ឃុំភ្នំត្បែងពីរ
preahvihear	ឃុំស្រយង់
preahvihear	ឃុំរបៀប
preahvihear	ឃុំរស្មី
preahvihear	ឃុំរហ័ស
preahvihear	ឃុំរុងរឿង
preahvihear	ឃុំរីករាយ
preahvihear	ឃុំរួសរាន់
preahvihear	ឃុំរតនៈ
preahvihear	ឃុំរៀបរយ
preahvihear	ឃុំរក្សា
preahvihear	ឃុំរំដោះ
preahvihear	ឃុំរមទម
preahvihear	ឃុំរមណីយ
preahvihear	ឃុំចំរើន
preahvihear	ឃុំរអាង
preahvihear	ឃុំភ្នំត្បែងមួយ
preahvihear	ឃុំស្ដៅ
preahvihear	ឃុំរណសិរ្ស
preahvihear	ឃុំឈានមុខ
preahvihear	ឃុំពោធិ៍
preahvihear	ឃុំប្រមេរុ
preahvihear	ឃុំព្រះឃ្លាំង
preahvihear	ឃុំកំពង់ប្រណាក
preahvihear	ឃុំប៉ាលហាល
ratanakiri	ឃុំម៉ាលិក
ratanakiri	ឃុំញ៉ាង
ratanakiri	ឃុំតាឡាវ
ratanakiri	សង្កាត់កាចាញ
ratanakiri	សង្កាត់ឡាបានសៀក
ratanakiri	សង្កាត់យក្សឡោម
ratanakiri	សង្កាត់បឹងកន្សែង
ratanakiri	ឃុំកក់
ratanakiri	ឃុំកិះចុង
ratanakiri	ឃុំឡាមីញ
ratanakiri	ឃុំលុងឃុង
ratanakiri	ឃុំស៊ើង
ratanakiri	ឃុំទីងចាក់
ratanakiri	ឃុំសិរីមង្គល
ratanakiri	ឃុំស្រែអង្គ្រង
ratanakiri	ឃុំតាអង
ratanakiri	ឃុំតឺន
ratanakiri	ឃុំត្រពាំងច្រេស
ratanakiri	ឃុំត្រពាំងក្រហម
ratanakiri	ឃុំជ័យឧត្ដម
ratanakiri	ឃុំកាឡែង
ratanakiri	ឃុំល្បាំង១
ratanakiri	ឃុំល្បាំង២
ratanakiri	ឃុំបាតាង
ratanakiri	ឃុំសេដា
ratanakiri	ឃុំចាអ៊ុង
ratanakiri	ឃុំប៉ូយ
ratanakiri	ឃុំឯកភាព
ratanakiri	ឃុំកាឡៃ
ratanakiri	ឃុំអូរជុំ
ratanakiri	ឃុំសាមគ្គី
ratanakiri	ឃុំល្អក់
ratanakiri	ឃុំបរខាំ
ratanakiri	ឃុំលំជ័រ
ratanakiri	ឃុំប៉ក់ញ៉ៃ
ratanakiri	ឃុំប៉ាតេ
ratanakiri	ឃុំសេសាន
ratanakiri	ឃុំសោមធំ
ratanakiri	ឃុំយ៉ាទុង
ratanakiri	ឃុំតាវែងលើ
ratanakiri	ឃុំតាវែងក្រោម
ratanakiri	ឃុំប៉ុង
ratanakiri	ឃុំហាត់ប៉ក់
ratanakiri	ឃុំកាចូន
ratanakiri	ឃុំកោះប៉ង់
ratanakiri	ឃុំកោះពាក្យ
ratanakiri	ឃុំកុកឡាក់
ratanakiri	ឃុំប៉ាកាឡាន់
ratanakiri	ឃុំភ្នំកុក
ratanakiri	ឃុំវើនសៃ
pailin	សង្កាត់ប៉ៃលិន
pailin	សង្កាត់អូរតាវ៉ៅ
pailin	សង្កាត់ទួលល្វា
pailin	សង្កាត់បយ៉ាខា
pailin	ឃុំសាលាក្រៅ
pailin	ឃុំស្ទឹងត្រង់
pailin	ឃុំស្ទឹងកាច់
pailin	ឃុំអូរអណ្តូង
siemreap	ឃុំចារឈូក
siemreap	ឃុំដូនពេង
siemreap	ឃុំគោកដូង
siemreap	ឃុំគោល
siemreap	ឃុំនគរភាស
siemreap	ឃុំស្រែខ្វាវ
siemreap	ឃុំតាសោម
siemreap	ឃុំជប់តាត្រាវ
siemreap	ឃុំលាងដៃ
siemreap	ឃុំពាក់ស្នែង
siemreap	ឃុំស្វាយចេក
siemreap	ឃុំខ្នារសណ្ដាយ
siemreap	ឃុំឃុនរាម
siemreap	ឃុំព្រះដាក់
siemreap	ឃុំរំចេក
siemreap	ឃុំរុនតាឯក
siemreap	ឃុំត្បែង
siemreap	ឃុំអន្លង់សំណរ
siemreap	ឃុំជីក្រែង
siemreap	ឃុំកំពង់ក្ដី
siemreap	ឃុំខ្វាវ
siemreap	ឃុំគោកធ្លកក្រោម
siemreap	ឃុំគោកធ្លកលើ
siemreap	ឃុំល្វែងឫស្សី
siemreap	ឃុំពង្រក្រោម
siemreap	ឃុំពង្រលើ
siemreap	ឃុំឫស្សីលក
siemreap	ឃុំសង្វើយ
siemreap	ឃុំស្ពានត្នោត
siemreap	ឃុំចន្លាសដៃ
siemreap	ឃុំកំពង់ថ្កូវ
siemreap	ឃុំក្រឡាញ់
siemreap	ឃុំក្រូចគរ
siemreap	ឃុំរោងគោ
siemreap	ឃុំសំបួរ
siemreap	ឃុំសែនសុខ
siemreap	ឃុំស្នួល
siemreap	ឃុំស្រណាល
siemreap	ឃុំតាអាន
siemreap	ឃុំសសរស្ដម្ភ
siemreap	ឃុំដូនកែវ
siemreap	ឃុំក្ដីរុន
siemreap	ឃុំកែវពណ៌
siemreap	ឃុំខ្នាត
siemreap	ឃុំល្វា
siemreap	ឃុំមុខប៉ែន
siemreap	ឃុំពោធិ៍ទ្រាយ
siemreap	ឃុំពួក
siemreap	ឃុំព្រៃជ្រូក
siemreap	ឃុំរើល
siemreap	ឃុំសំរោងយា
siemreap	ឃុំត្រីញ័រ
siemreap	ឃុំយាង
siemreap	ឃុំបាគង
siemreap	ឃុំបល្ល័ង្ក
siemreap	ឃុំកំពង់ភ្លុក
siemreap	ឃុំកន្ទ្រាំង
siemreap	ឃុំកណ្ដែក
siemreap	ឃុំមានជ័យ
siemreap	ឃុំរលួស
siemreap	ឃុំត្រពាំងធំ
siemreap	សង្កាត់ស្លក្រាម
siemreap	សង្កាត់ស្វាយដង្គំ
siemreap	សង្កាត់គោកចក
siemreap	សង្កាត់សាលាកំរើក
siemreap	សង្កាត់នគរធំ
siemreap	សង្កាត់ជ្រាវ
siemreap	សង្កាត់ចុងឃ្នៀស
siemreap	សង្កាត់សំបួរ
siemreap	សង្កាត់សៀមរាប
siemreap	សង្កាត់ស្រង៉ែ
siemreap	សង្កាត់ក្របីរៀល
siemreap	សង្កាត់ទឹកវិល
siemreap	ឃុំអំពិល
siemreap	ឃុំចាន់ស
siemreap	ឃុំដំដែក
siemreap	ឃុំដានរុន
siemreap	ឃុំកំពង់ឃ្លាំង
siemreap	ឃុំកៀនសង្កែ
siemreap	ឃុំខ្ចាស់
siemreap	ឃុំខ្នារពោធិ៍
siemreap	ឃុំពពេល
siemreap	ឃុំសំរោង
siemreap	ឃុំតាយ៉ែក
siemreap	ឃុំជ្រោយនាងងួន
siemreap	ឃុំក្លាំងហាយ
siemreap	ឃុំត្រាំសសរ
siemreap	ឃុំមោង
siemreap	ឃុំប្រីយ៍
siemreap	ឃុំស្លែងស្ពាន
siemreap	ឃុំបឹងមាលា
siemreap	ឃុំកន្ទួត
siemreap	ឃុំខ្នងភ្នំ
siemreap	ឃុំស្វាយលើ
siemreap	ឃុំតាសៀម
siemreap	ឃុំប្រាសាទ
siemreap	ឃុំល្វាក្រាំង
siemreap	ឃុំស្រែណូយ
siemreap	ឃុំស្វាយ ស
siemreap	ឃុំវ៉ារិន
kohkong	សង្កាត់ស្មាច់មានជ័យ
kohkong	ឃុំជំនាប់
kohkong	ឃុំថ្មដូនពៅ
kohkong	ឃុំព្រែកខ្សាច់
kohkong	សង្កាត់ដងទង់
kohkong	ឃុំតាទៃលើឃុំជីផាត
kohkong	ឃុំបឹងព្រាវ
kohkong	ឃុំជ្រោយស្វាយ
kohkong	ឃុំតាទៃលើ
kohkong	ឃុំស្រែអំបិល
kohkong	ឃុំតាតៃក្រោម
kohkong	ឃុំកោះកាពិ
kohkong	ឃុំដងពែង
kohkong	ឃុំពាមក្រសោប
kohkong	ឃុំភ្ញីមាស
kohkong	ឃុំថ្មស
kohkong	ឃុំកណ្ដោល
kohkong	ឃុំជី ខ លើ
kohkong	ឃុំជី ខ ក្រោម
kohkong	ឃុំទួលគគីរ
kohkong	ឃុំត្រពាំងរូង
kohkong	ឃុំប្រឡាយ
kohkong	ឃុំឫស្សីជ្រុំ
kohkong	ឃុំតានូន
kohkong	ឃុំប៉ាក់ខ្លង
kohkong	សង្កាត់ស្ទឹងវែង
kohkong	ឃុំកោះស្ដេច
kohkong	ឃុំជ្រោយប្រស់
kohkong	ឃុំអណ្ដូងទឹក
kandal	ឃុំអំពៅព្រៃ
kandal	ឃុំអន្លង់រមៀត
kandal	ឃុំបារគូ
kandal	ឃុំបឹងខ្យាង
kandal	ឃុំជើងកើប
kandal	ឃុំដើមឫស
kandal	ឃុំកណ្ដោក
kandal	ឃុំថ្មី
kandal	ឃុំគោកត្រប់
kandal	ឃុំព្រះពុទ្ធ
kandal	ឃុំព្រែករកា
kandal	ឃុំព្រែកស្លែង
kandal	ឃុំរកា
kandal	ឃុំរលាំងកែន
kandal	ឃុំសៀមរាប
kandal	ឃុំត្បែង
kandal	ឃុំត្រពាំងវែង
kandal	ឃុំទ្រា
kandal	ឃុំបន្ទាយដែក
kandal	ឃុំឈើទាល
kandal	ឃុំដីឥដ្ឋ
kandal	ឃុំកំពង់ស្វាយ
kandal	ឃុំគគីរ
kandal	ឃុំគគីរធំ
kandal	ឃុំភូមិធំ
kandal	ឃុំសំរោងធំ
kandal	ឃុំបាក់ដាវ
kandal	ឃុំជ័យធំ
kandal	ឃុំកំពង់ចំលង
kandal	ឃុំកោះចូរ៉ាម
kandal	ឃុំកោះឧកញ៉ាតី
kandal	ឃុំព្រះប្រសប់
kandal	ឃុំព្រែកអំពិល
kandal	ឃុំព្រែកលួង
kandal	ឃុំព្រែកតាកូវ
kandal	ឃុំព្រែកតាមាក់
kandal	ឃុំពុកឫស្សី
kandal	ឃុំរកាជន្លឹង
kandal	ឃុំសន្លុង
kandal	ឃុំស៊ីធរ
kandal	ឃុំស្វាយជ្រំ
kandal	ឃុំស្វាយរមៀត
kandal	ឃុំតាឯក
kandal	ឃុំវិហារសួគ៌
kandal	ឃុំឈើខ្មៅ
kandal	ឃុំជ្រោយតាកែវ
kandal	ឃុំកំពង់កុង
kandal	ឃុំកោះធំ ‹ក›
kandal	ឃុំកោះធំ ‹ខ›
kandal	ឃុំលើកដែក
kandal	ឃុំពោធិ៍បាន
kandal	ឃុំព្រែកជ្រៃ
kandal	ឃុំព្រែកស្ដី
kandal	ឃុំព្រែកថ្មី
kandal	ឃុំសំពៅពូន
kandal	ឃុំកំពង់ភ្នំ
kandal	ឃុំក្អមសំណរ
kandal	ឃុំខ្ពបអាទាវ
kandal	ឃុំពាមរាំង
kandal	ឃុំព្រែកដាច់
kandal	ឃុំព្រែកទន្លាប់
kandal	ឃុំសណ្ដារ
kandal	ឃុំអរិយក្សត្រ
kandal	ឃុំបារុង
kandal	ឃុំបឹងគ្រំ
kandal	ឃុំកោះកែវ
kandal	ឃុំកោះរះ
kandal	ឃុំល្វាសរ
kandal	ឃុំពាមឧកញ៉ាអុង
kandal	ឃុំភូមិធំ
kandal	ឃុំព្រែកក្មេង
kandal	ឃុំព្រែករៃ
kandal	ឃុំព្រែកឫស្សី
kandal	ឃុំសំបួរ
kandal	ឃុំសារិកាកែវ
kandal	ឃុំថ្មគរ
kandal	ឃុំទឹកឃ្លាំង
kandal	ឃុំព្រែកអញ្ចាញ
kandal	ឃុំព្រែកដំបង
kandal	ឃុំរកាកោងទី១
kandal	ឃុំរកាកោងទី២
kandal	ឃុំឫស្សីជ្រោយ
kandal	ឃុំសំបួរមាស
kandal	ឃុំស្វាយអំពារ
kandal	ឃុំបែកចាន
kandal	ឃុំឆក់ឈើនាង
kandal	ឃុំដំណាក់អំពិល
kandal	ឃុំក្រាំងម្កាក់
kandal	ឃុំលំហាច
kandal	ឃុំម្កាក់
kandal	ឃុំពើក
kandal	ឃុំព្រៃពួច
kandal	ឃុំសំរោងលើ
kandal	ឃុំទួលព្រេជ
kandal	ឃុំឈ្វាំង
kandal	ឃុំជ្រៃលាស់
kandal	ឃុំកំពង់ហ្លួង
kandal	ឃុំកំពង់អុស
kandal	ឃុំកោះចិន
kandal	ឃុំភ្នំបាត
kandal	ឃុំពញាឮ
kandal	ឃុំព្រែកតាទែន
kandal	ឃុំផ្សារដែក
kandal	ឃុំទំនប់ធំ
kandal	ឃុំវិហារហ្លួង
kandal	ឃុំខ្ពប
kandal	ឃុំកោះអន្លង់ចិន
kandal	ឃុំកោះខែល
kandal	ឃុំកោះខ្សាច់ទន្លា
kandal	ឃុំក្រាំងយ៉ូវ
kandal	ឃុំប្រាសាទ
kandal	ឃុំព្រែកអំបិល
kandal	ឃុំព្រែកគយ
kandal	ឃុំរកាខ្ពស់
kandal	ឃុំស្អាងភ្នំ
kandal	ឃុំសិត្បូ
kandal	ឃុំស្វាយប្រទាល
kandal	ឃុំស្វាយរលំ
kandal	ឃុំតាលន់
kandal	ឃុំត្រើយស្លា
kandal	ឃុំទឹកវិល
kandal	សង្កាត់កំពង់សំណាញ់
kandal	សង្កាត់ដើមមៀន
kandal	សង្កាត់តាក្ដុល
kandal	សង្កាត់តាខ្មៅ
kandal	សង្កាត់ព្រែកហូរ
kandal	សង្កាត់ព្រែកឫស្សី
takeo	ឃុំអង្គរបូរី
takeo	ឃុំបាស្រែ
takeo	ឃុំគោកធ្លក
takeo	ឃុំពន្លៃ
takeo	ឃុំព្រែកផ្ទោល
takeo	ឃុំព្រៃផ្គាំ
takeo	ឃុំចំបក់
takeo	ឃុំចំប៉ី
takeo	ឃុំដូង
takeo	ឃុំកណ្ដឹង
takeo	ឃុំកុមាររាជា
takeo	ឃុំក្រាំងលាវ
takeo	ឃុំក្រាំងធ្នង់
takeo	ឃុំលំពង់
takeo	ឃុំពារាម
takeo	ឃុំពត់សរ
takeo	ឃុំសូរភី
takeo	ឃុំតាំងដូង
takeo	ឃុំត្នោត
takeo	ឃុំត្រពាំងក្រសាំង
takeo	ឃុំត្រពាំងសាប
takeo	ឃុំបូរីជលសារ
takeo	ឃុំជ័យជោគ
takeo	ឃុំដូងខ្ពស់
takeo	ឃុំកំពង់ក្រសាំង
takeo	ឃុំគោកពោធិ៍
takeo	ឃុំអង្គប្រាសាទ
takeo	ឃុំព្រះបាទជាន់ជុំ
takeo	ឃុំកំណប់
takeo	ឃុំកំពែង
takeo	ឃុំគីរីចុងកោះ
takeo	ឃុំគោកព្រេច
takeo	ឃុំភ្នំដិន
takeo	ឃុំព្រៃអំពក
takeo	ឃុំព្រៃរំដេង
takeo	ឃុំរាមអណ្ដើក
takeo	ឃុំសោម
takeo	ឃុំតាអូរ
takeo	ឃុំក្រពុំឈូក
takeo	ឃុំពេជសារ
takeo	ឃុំព្រៃខ្លា
takeo	ឃុំព្រៃយុថ្កា
takeo	ឃុំរមេញ
takeo	ឃុំធ្លាប្រជុំ
takeo	ឃុំអង្កាញ់
takeo	ឃុំបានកាម
takeo	ឃុំចំប៉ា
takeo	ឃុំចារ
takeo	ឃុំកំពង់រាប
takeo	ឃុំក្ដាញ់
takeo	ឃុំពោធិ៍រំចាក
takeo	ឃុំព្រៃកប្បាស
takeo	ឃុំព្រៃល្វា
takeo	ឃុំព្រៃផ្ដៅ
takeo	ឃុំស្នោ
takeo	ឃុំតាំងយ៉ាប
takeo	ឃុំបឹងត្រាញ់ខាងជើង
takeo	ឃុំបឹងត្រាញ់ខាងត្បូង
takeo	ឃុំជើងគួន
takeo	ឃុំជំរះពេន
takeo	ឃុំខ្វាវ
takeo	ឃុំលំចង់
takeo	ឃុំរវៀង
takeo	ឃុំសំរោង
takeo	ឃុំសឹង្ហ
takeo	ឃុំស្លា
takeo	ឃុំទ្រា
takeo	ឃុំបារាយណ៍
takeo	ឃុំរកាក្នុង
takeo	ឃុំរកាក្រៅ
takeo	ឃុំអង្គតាសោម
takeo	ឃុំជាងទង
takeo	ឃុំគុស
takeo	ឃុំលាយបូរ
takeo	ឃុំញ៉ែងញ៉ង
takeo	ឃុំអូរសារាយ
takeo	ឃុំត្រពាំងក្រញូង
takeo	ឃុំឧត្ដមសុរិយា
takeo	ឃុំពពេល
takeo	ឃុំស្រែរនោង
takeo	ឃុំតាភេម
takeo	ឃុំត្រាំកក់
takeo	ឃុំត្រពាំងធំខាងជើង
takeo	ឃុំត្រពាំងធំខាងត្បូង
takeo	ឃុំអង្គខ្នុរ
takeo	ឃុំជីខ្មា
takeo	ឃុំប្រាំបីមុំ
takeo	ឃុំអង្គកែវ
takeo	ឃុំព្រៃស្លឹក
takeo	ឃុំរនាម
takeo	ឃុំសំបួរ
takeo	ឃុំសន្លុង
takeo	ឃុំស្មោង
takeo	ឃុំស្រង៉ែ
takeo	ឃុំធ្លក
takeo	ឃុំត្រឡាច
banteymeanchey	ឃុំបន្ទាយនាង
banteymeanchey	ឃុំបត់ត្រង់
banteymeanchey	ឃុំចំណោម
banteymeanchey	ឃុំគោកបល្ល័ង្គ
banteymeanchey	ឃុំគយម៉ែង
banteymeanchey	ឃុំអូរប្រាសាទ
banteymeanchey	ឃុំភ្នំតូច
banteymeanchey	ឃុំរហាត់ទឹក
banteymeanchey	ឃុំឫស្សីក្រោក
banteymeanchey	ឃុំសំបួរ
banteymeanchey	ឃុំសឿ
banteymeanchey	ឃុំស្រះរាំង
banteymeanchey	ឃុំតាឡំ
banteymeanchey	ឃុំណាំតៅ
banteymeanchey	ឃុំប៉ោយចារ
banteymeanchey	ឃុំពន្លៃ
banteymeanchey	ឃុំស្ពានស្រែង
banteymeanchey	ឃុំស្រះជីក
banteymeanchey	ឃុំភ្នំដី
banteymeanchey	ឃុំឈ្នួរមានជ័យ
banteymeanchey	ឃុំជប់វារី
banteymeanchey	ឃុំភ្នំលៀប
banteymeanchey	ឃុំប្រាសាទ
banteymeanchey	ឃុំព្រះនេត្រព្រះ
banteymeanchey	ឃុំរហាល
banteymeanchey	ឃុំទានកាំ
banteymeanchey	ឃុំទឹកជោរ
banteymeanchey	ឃុំបុស្បូវ
banteymeanchey	ឃុំចង្ហា
banteymeanchey	ឃុំកូប
banteymeanchey	ឃុំគុត្ដសត
banteymeanchey	ឃុំសំរោង
banteymeanchey	ឃុំសូភី
banteymeanchey	ឃុំសឹង្ហ
banteymeanchey	ឃុំអូរបីជាន់
banteymeanchey	សង្កាត់កំពង់ស្វាយ
banteymeanchey	សង្កាត់កោះពងសត្វ
banteymeanchey	សង្កាត់ម្កាក់
banteymeanchey	សង្កាត់អូរអំបិល
banteymeanchey	សង្កាត់ភ្នៀត
banteymeanchey	សង្កាត់ព្រះពន្លា
banteymeanchey	សង្កាត់ទឹកថ្លា
banteymeanchey	ឃុំបន្ទាយឆ្មារ
banteymeanchey	ឃុំគោករមៀត
banteymeanchey	ឃុំភូមិថ្មី
banteymeanchey	ឃុំថ្មពួក
banteymeanchey	ឃុំគោកកឋិន
banteymeanchey	ឃុំគំរូ
banteymeanchey	ឃុំផ្គាំ
banteymeanchey	ឃុំសារង្គ
banteymeanchey	ឃុំស្លក្រាម
banteymeanchey	ឃុំស្វាយចេក
banteymeanchey	ឃុំតាបែន
banteymeanchey	ឃុំតាផូ
banteymeanchey	ឃុំទ្រាស
banteymeanchey	ឃុំរលួស
banteymeanchey	ឃុំបឹងបេង
banteymeanchey	ឃុំម៉ាឡៃ
banteymeanchey	ឃុំអូរសំព័រ
banteymeanchey	ឃុំអូរស្រឡៅ
banteymeanchey	ឃុំទួលពង្រ
banteymeanchey	ឃុំតាគង់
banteymeanchey	សង្កាត់និមិត្ដ
banteymeanchey	សង្កាត់ប៉ោយប៉ែត
banteymeanchey	សង្កាត់ផ្សារកណ្តាល
kampot	ឃុំល្អាង
kampot	ឃុំត្រពាំងព្រីង
kampot	ឃុំព្រែកក្រឹស
kampot	ឃុំម្រោម
kampot	ឃុំអង្គភ្នំតូច
kampot	ឃុំស្រែជាខាងត្បូង
kampot	ឃុំកូនសត្វ
kampot	ឃុំម៉ាក់ប្រាង្គ
kampot	ឃុំត្រពាំងរាំង
kampot	ឃុំស្វាយទងខាងជើង
kampot	ឃុំក្រាំងស្នាយ
kampot	ឃុំដងទង់
kampot	ឃុំជំពូវន្ដ
kampot	ឃុំបឹងនិមល
kampot	ឃុំត្រពាំងសាលាខាងកើត
kampot	ឃុំព្រៃទន្លេ
kampot	ឃុំបានៀវ
kampot	សង្កាត់ត្រើយកោះ
kampot	ឃុំដំណាក់កន្ទួតខាងជើង
kampot	ឃុំត្រពាំងធំ
kampot	ឃុំសំរោងក្រោម
kampot	ឃុំអង្គរមាស
kampot	ឃុំត្រមែង
kampot	ឃុំសំឡាញ
kampot	ឃុំមានជ័យ
kampot	ឃុំដូនយ៉យ
kampot	ឃុំវត្តអង្គខាងត្បូង
kampot	សង្កាត់កំពង់បាយ
kampot	ឃុំបឹងសាលាខាងជើង
kampot	ឃុំកំពង់ត្រាចខាងលិច
kampot	ឃុំភ្នំប្រាសាទ
kampot	ឃុំចំប៉ី
kampot	ឃុំត្រពាំងសាលាខាងលិច
kampot	ឃុំព្រៃឃ្មុំ
kampot	ឃុំប្រាសាទភ្នំខ្យង
kampot	ឃុំភ្នំកុង
kampot	ឃុំកំពង់ក្រែង
kampot	ឃុំឃ្ជាយខាងជើង
kampot	ឃុំខ្ជាយខាងត្បូង
kampot	ឃុំនារាយណ៍
kampot	ឃុំកំពង់ត្រាចខាងកើត
kampot	ឃុំតេជោអភិវឌ្ឍន៍
kampot	ឃុំស្ដេចគង់ខាងលិច
kampot	ឃុំអង្គសុរភី
kampot	ឃុំកំពង់សំរោង
kampot	ឃុំបន្ទាយមាសខាងកើត
kampot	ឃុំវត្ដអង្គខាងជើង
kampot	ឃុំដំណាក់សុក្រំ
kampot	ឃុំតានី
kampot	ឃុំឈូក
kampot	ឃុំដំបូកខ្ពស់
kampot	ឃុំទូកមាសខាងកើត
kampot	ឃុំសំរោងលើ
kampot	សង្កាត់អណ្ដូងខ្មែរ
kampot	ឃុំស្រែក្នុង
kampot	ឃុំកណ្ដោលឃុំស្នាយអញ្ជិត
kampot	ឃុំស្វាយទងខាងត្បូង
kampot	សង្កាត់ក្រាំងអំពិល
kampot	ឃុំស្រែជាខាងជើង
kampot	ឃុំស្រែចែង
kampot	ឃុំប្រភ្នំ
kampot	ឃុំថ្មី
kampot	ឃុំឫស្សីស្រុកខាងកើត
kampot	ឃុំមានរិទ្ធិ
kampot	ឃុំបឹងទូក
kampot	ឃុំដើមដូង
kampot	ឃុំត្រពាំងសង្កែ
kampot	ឃុំត្រពាំងបី
kampot	ឃុំត្រពាំងភ្លាំង
kampot	ឃុំដានគោម
kampot	ឃុំដំណាក់កន្ទួតខាងត្បូង
kampot	ឃុំស្ដេចគង់ខាងជើង
kampot	ឃុំស្រែសំរោង
kampot	ឃុំទូកមាសខាងលិច
kampot	ឃុំត្នោតចុងស្រង់
kampot	ឃុំតាកែន
kampot	ឃុំច្រេស
kampot	ឃុំស្ទឹងកែវ
kampot	ឃុំឫស្សីស្រុកខាងលិច
kampot	ឃុំស្ដេចគង់ខាងត្បូង
kampot	ឃុំវត្ដអង្គខាងត្បូង
kampot	ឃុំជុំគ្រៀល
kampot	ឃុំល្បើក
kampot	ឃុំអង្គរជ័យ
kampot	ឃុំវត្តអង្គខាងជើង
kampot	ឃុំបន្ទាយមាសខាងលិច
kampot	ឃុំកណ្ដោល
kampot	ឃុំកំពង់គ្រែង
kampot	ឃុំបឹងសាលាខាងត្បូង
kampot	ឃុំព្រៃថ្នង
kampot	សង្កាត់កំពង់កណ្ដាល
kampot	ឃុំសត្វពង
kampot	ឃុំទទុង
kampot	ឃុំក្រាំងស្បូវ
preahsihanouk	សង្កាត់លេខ១
preahsihanouk	សង្កាត់លេខ២
preahsihanouk	សង្កាត់លេខ៣
preahsihanouk	សង្កាត់លេខ៤
preahsihanouk	សង្កាត់កោះរ៉ុង
preahsihanouk	សង្កាត់កោះរ៉ុងសន្លឹម
preahsihanouk	ឃុំអណ្ដូងថ្ម
preahsihanouk	ឃុំបឹងតាព្រហ្ម
preahsihanouk	ឃុំបិតត្រាំង
preahsihanouk	ឃុំជើងគោ
preahsihanouk	ឃុំអូរជ្រៅ
preahsihanouk	ឃុំអូរឧកញ៉ាហេង
preahsihanouk	ឃុំព្រៃនប់
preahsihanouk	ឃុំរាម
preahsihanouk	ឃុំសាមគ្គី
preahsihanouk	ឃុំសំរុង
preahsihanouk	ឃុំទឹកល្អក់
preahsihanouk	ឃុំទឹកថ្លា
preahsihanouk	ឃុំទូលទទឹង
preahsihanouk	ឃុំវាលរេញ
preahsihanouk	ឃុំតានៃ
preahsihanouk	ឃុំកំពេញ
preahsihanouk	ឃុំអូរត្រេះ
preahsihanouk	ឃុំទំនប់រលក
preahsihanouk	ឃុំកែវផុស
preahsihanouk	ឃុំចំការហ្លួង
preahsihanouk	ឃុំកំពង់សីលា
preahsihanouk	ឃុំអូរបាក់រទេះ
preahsihanouk	ឃុំស្ទឹងឆាយ
kampongspeu	ឃុំបសេដ្ឋ
kampongspeu	ឃុំកាត់ភ្លុក
kampongspeu	ឃុំនិទាន
kampongspeu	ឃុំភក្តី
kampongspeu	ឃុំភារីមានជ័យ
kampongspeu	ឃុំផុង
kampongspeu	ឃុំពោធិអង្ក្រង
kampongspeu	ឃុំពោធិចំរើន
kampongspeu	ឃុំពោធិម្រាល
kampongspeu	ឃុំស្វាយចចិប
kampongspeu	ឃុំទួលអំពិល
kampongspeu	ឃុំទួលសាលា
kampongspeu	ឃុំកក់
kampongspeu	ឃុំស្វាយរំពារ
kampongspeu	ឃុំព្រះខែ
kampongspeu	សង្កាត់ច្បារមន
kampongspeu	សង្កាត់កណ្តោលដុំ
kampongspeu	សង្កាត់រកាធំ
kampongspeu	សង្កាត់សុព័រទេព
kampongspeu	សង្កាត់ស្វាយក្រវ៉ាន់
kampongspeu	ឃុំអង្គពពេល
kampongspeu	ឃុំជង្រុក
kampongspeu	ឃុំមហាឫស្សី
kampongspeu	ឃុំពេជ្ញមុនី
kampongspeu	ឃុំព្រះនិព្វាន្ត
kampongspeu	ឃុំព្រៃញាតិ
kampongspeu	ឃុំព្រៃវិហារ
kampongspeu	ឃុំរកាកោះ
kampongspeu	ឃុំស្ដុក
kampongspeu	ឃុំស្នំក្រពើ
kampongspeu	ឃុំស្រង់
kampongspeu	ឃុំទឹកល្អក់
kampongspeu	ឃុំវាល
kampongspeu	ឃុំហោងសំណំ
kampongspeu	ឃុំរស្មីសាមគ្គី
kampongspeu	ឃុំត្រពាំងជោ
kampongspeu	ឃុំសង្កែសាទប
kampongspeu	ឃុំតាសាល
kampongspeu	ឃុំចាន់សែន
kampongspeu	ឃុំជើងរាស់
kampongspeu	ឃុំជំពូព្រឹក្ស
kampongspeu	ឃុំក្សេមក្សាន្ដ
kampongspeu	ឃុំក្រាំងចេក
kampongspeu	ឃុំមានជ័យ
kampongspeu	ឃុំព្រះស្រែ
kampongspeu	ឃុំព្រៃក្រសាំង
kampongspeu	ឃុំត្រាចទង
kampongspeu	ឃុំវាលពង់
kampongspeu	ឃុំវាំងចាស់
kampongspeu	ឃុំយុទ្ធសាមគ្គី
kampongspeu	ឃុំដំណាក់រាំង
kampongspeu	ឃុំពាំងល្វា
kampongspeu	ឃុំភ្នំតូច
kampongspeu	ឃុំចំបក់
kampongspeu	ឃុំជាំសង្កែ
kampongspeu	ឃុំដំបូករូង
kampongspeu	ឃុំគីរីវន្ត
kampongspeu	ឃុំក្រាំងដឺវ៉ាយ
kampongspeu	ឃុំមហាសាំង
kampongspeu	ឃុំអូរ
kampongspeu	ឃុំព្រៃរំដួល
kampongspeu	ឃុំព្រៃក្មេង
kampongspeu	ឃុំតាំងសំរោង
kampongspeu	ឃុំតាំងស្យា
kampongspeu	ឃុំត្រែងត្រយឹង
kampongspeu	ឃុំយាយម៉ៅពេជ្យនិល
kampongspeu	ឃុំរលាំងចក
kampongspeu	ឃុំកាហែង
kampongspeu	ឃុំខ្ទុំក្រាំង
kampongspeu	ឃុំក្រាំងអំពិល
kampongspeu	ឃុំព្នាយ
kampongspeu	ឃុំរលាំងគ្រើល
kampongspeu	ឃុំសំរោងទង
kampongspeu	ឃុំសំបូរ
kampongspeu	ឃុំសែនដី
kampongspeu	ឃុំស្គុះ
kampongspeu	ឃុំតាំងក្រូច
kampongspeu	ឃុំធម្មតាអរ
kampongspeu	ឃុំត្រពាំងគង
kampongspeu	ឃុំទំព័រមាស
kampongspeu	ឃុំវល្លិសរ
kampongspeu	ឃុំអមលាំង
kampongspeu	ឃុំមនោរម្យ
kampongspeu	ឃុំប្រាំបីមុម
kampongspeu	ឃុំរុងរឿង
kampongspeu	ឃុំទ័ពមាន
kampongspeu	ឃុំវាលពន់
kampongspeu	ឃុំយាអង្គ
keb	ឃុំអង្កោល
keb	ឃុំពងទឹក
keb	សង្កាត់អូរក្រសារ
keb	សង្កាត់កែប
keb	សង្កាត់ព្រៃធំ
kratie	ឃុំឆ្លូង
kratie	ឃុំដំរីផុង
kratie	ឃុំហាន់ជ័យ
kratie	ឃុំកំពង់ដំរី
kratie	ឃុំកញ្ជរ
kratie	ឃុំខ្សាច់អណ្តែត
kratie	ឃុំពង្រ
kratie	ឃុំព្រែកសាម៉ាន់
kratie	សង្កាត់កោះទ្រង់
kratie	សង្កាត់ក្រគរ
kratie	សង្កាត់ក្រចេះ
kratie	សង្កាត់អូរឫស្សី
kratie	សង្កាត់រកាកណ្ដាល
kratie	ឃុំចំបក់
kratie	ឃុំជ្រោយបន្ទាយ
kratie	ឃុំកំពង់គរ
kratie	ឃុំកោះតាស៊ុយ
kratie	ឃុំព្រែកប្រសព្វ
kratie	ឃុំឫស្សីកែវ
kratie	ឃុំសោប
kratie	ឃុំតាម៉ៅ
kratie	ឃុំបឹងចារ
kratie	ឃុំកំពង់ចាម
kratie	ឃុំក្បាលដំរី
kratie	ឃុំកោះខ្ញែរ
kratie	ឃុំអូរគ្រៀង
kratie	ឃុំរលួសមានជ័យ
kratie	ឃុំសំបូរ
kratie	ឃុំសណ្តាន់
kratie	ឃុំស្រែជិះ
kratie	ឃុំវឌ្ឍនៈ
kratie	ឃុំអូរកណ្តៀរសែនជ័យ
kratie	ឃុំឃ្សឹម
kratie	ឃុំពីរធ្នូ
kratie	ឃុំស្នួល
kratie	ឃុំស្រែចារ
kratie	ឃុំស្វាយជ្រះ
kratie	ឃុំគ្រញូងសែនជ័យ
kratie	ឃុំបុសលាវ
kratie	ឃុំចង្ក្រង់
kratie	ឃុំដារ
kratie	ឃុំកន្ទួត
kratie	ឃុំគោលាប់
kratie	ឃុំកោះច្រែង
kratie	ឃុំសំបុក
kratie	ឃុំថ្មអណ្តើក
kratie	ឃុំថ្មគ្រែ
kratie	ឃុំថ្មី
phnompenh	សង្កាត់កាកាប
phnompenh	សង្កាត់ទន្លេបាសាក់
phnompenh	សង្កាត់បឹងកេងកងទី១
phnompenh	សង្កាត់បឹងកេងកងទី២
phnompenh	សង្កាត់បឹងកេងកងទី៣
phnompenh	សង្កាត់អូឡាំពិក
phnompenh	សង្កាត់ទូលស្វាយព្រៃទី១
phnompenh	សង្កាត់ទូលស្វាយព្រៃទី២
phnompenh	សង្កាត់ទំនប់ទឹក
phnompenh	សង្កាត់ទួលទំពូងទី១
phnompenh	សង្កាត់ទួលទំពូងទី២
phnompenh	សង្កាត់បឹងត្របែក
phnompenh	សង្កាត់ផ្សារដើមថ្កូវ
phnompenh	សង្កាត់ផ្សារថ្មី១
phnompenh	សង្កាត់ផ្សារថ្មី២
phnompenh	សង្កាត់ផ្សារថ្មី៣
phnompenh	សង្កាត់បឹងរាំង
phnompenh	សង្កាត់ផ្សារកណ្ដាល១
phnompenh	សង្កាត់ផ្សារកណ្ដាល២
phnompenh	សង្កាត់ចតុមុខ
phnompenh	សង្កាត់ជ័យជំនះ
phnompenh	សង្កាត់ផ្សារចាស់
phnompenh	សង្កាត់ស្រះចក
phnompenh	សង្កាត់វត្តភ្នំ
phnompenh	សង្កាត់អូរឫស្សី១
phnompenh	សង្កាត់អូរឫស្សី២
phnompenh	សង្កាត់អូរឫស្សី៣
phnompenh	សង្កាត់អូរឫស្សី៤
phnompenh	សង្កាត់មនោរម្យ
phnompenh	សង្កាត់មិត្តភាព
phnompenh	សង្កាត់វាលវង់
phnompenh	សង្កាត់បឹងព្រលិត
phnompenh	សង្កាត់ផ្សារដេប៉ូទី១
phnompenh	សង្កាត់ផ្សារដេប៉ូទី២
phnompenh	សង្កាត់ផ្សារដេប៉ូទី៣
phnompenh	សង្កាត់ទឹកល្អក់ទី១
phnompenh	សង្កាត់ទឹកល្អក់ទី២
phnompenh	សង្កាត់ទឹកល្អក់ទី៣
phnompenh	សង្កាត់បឹងកក់ទី១
phnompenh	សង្កាត់បឹងកក់ទី២
phnompenh	សង្កាត់ផ្សារដើមគ
phnompenh	សង្កាត់បឹងសាឡាង
phnompenh	សង្កាត់ដង្កោ
phnompenh	សង្កាត់ព្រៃសរ
phnompenh	សង្កាត់ជើងឯក
phnompenh	សង្កាត់ស្ពានថ្ម
phnompenh	សង្កាត់ព្រៃវែង
phnompenh	សង្កាត់ពងទឹក
phnompenh	សង្កាត់ប្រទះឡាង
phnompenh	សង្កាត់សាក់សំពៅ
phnompenh	សង្កាត់ក្រាំងពង្រ
phnompenh	សង្កាត់គងនយ
phnompenh	សង្កាត់ទៀន
phnompenh	សង្កាត់ព្រែកកំពឹស
phnompenh	សង្កាត់រលួស
phnompenh	សង្កាត់ស្ទឹងមានជ័យ១
phnompenh	សង្កាត់បឹងទំពន់
phnompenh	សង្កាត់បឹងទំពន់ទី១
phnompenh	សង្កាត់ចាក់អង្រែលើ
phnompenh	សង្កាត់ចាក់អង្រែក្រោម
phnompenh	សង្កាត់បឹងទំពន់ទី២
phnompenh	សង្កាត់ស្ទឹងមានជ័យទី១
phnompenh	សង្កាត់ស្ទឹងមានជ័យទី២
phnompenh	សង្កាត់ស្ទឹងមានជ័យទី៣
phnompenh	សង្កាត់ស្ទឹងមានជ័យ
phnompenh	សង្កាត់ស្វាយប៉ាក
phnompenh	សង្កាត់ច្រាំងចំរេះ១
phnompenh	សង្កាត់ច្រាំងចំរេះ២
phnompenh	សង្កាត់គីឡូម៉ែត្រលេខ៦
phnompenh	សង្កាត់ទួលសង្កែទី១
phnompenh	សង្កាត់ទួលសង្កែ
phnompenh	សង្កាត់ឫស្សីកែវ
phnompenh	សង្កាត់ទួលសង្កែទី២
phnompenh	សង្កាត់ក្រាំងធ្នុង
phnompenh	សង្កាត់ឃ្មួញ
phnompenh	សង្កាត់ភ្នំពេញថ្មី
phnompenh	សង្កាត់ទឹកថ្លា
phnompenh	សង្កាត់អូរបែកក្អម
phnompenh	សង្កាត់គោកឃ្លាង
phnompenh	សង្កាត់ឳឡោក
phnompenh	សង្កាត់កំបូល
phnompenh	សង្កាត់កន្ទោក
phnompenh	សង្កាត់បឹងធំ
phnompenh	សង្កាត់ភ្លើងឆេះរទេះ
phnompenh	សង្កាត់ចោមចៅ
phnompenh	សង្កាត់ចោមចៅទី១
phnompenh	សង្កាត់ត្រពាំងក្រសាំង
phnompenh	សង្កាត់កាកាបទី១
phnompenh	សង្កាត់សំរោងក្រោម
phnompenh	សង្កាត់ស្នោរ
phnompenh	សង្កាត់ចោមចៅទី២
phnompenh	សង្កាត់ចោមចៅទី៣
phnompenh	សង្កាត់កាកាបទី២
phnompenh	សង្កាត់បាក់ខែង
phnompenh	សង្កាត់ព្រែកលៀប
phnompenh	សង្កាត់ព្រែកតាសេក
phnompenh	សង្កាត់ជ្រោយចង្វារ
phnompenh	សង្កាត់កោះដាច់
phnompenh	សង្កាត់ពន្សាំង
phnompenh	សង្កាត់គោករការ
phnompenh	សង្កាត់សំរោង
phnompenh	សង្កាត់ពញាពន់
phnompenh	សង្កាត់ព្រែកព្នៅ
phnompenh	សង្កាត់ច្បារអំពៅ១
phnompenh	សង្កាត់ច្បារអំពៅ២
phnompenh	សង្កាត់និរោធ
phnompenh	សង្កាត់ព្រែកប្រា
phnompenh	សង្កាត់ព្រែកថ្មី
phnompenh	សង្កាត់ក្បាលកោះ
phnompenh	សង្កាត់ព្រែកឯង
phnompenh	សង្កាត់វាលស្បូវ
mundulkiri	ឃុំចុងផ្លាស់
mundulkiri	ឃុំមេម៉ង់
mundulkiri	ឃុំស្រែឈូក
mundulkiri	ឃុំស្រែខ្ទុម
mundulkiri	ឃុំស្រែព្រះ
mundulkiri	ឃុំណងឃីលិក
mundulkiri	ឃុំអ បួនលើ
mundulkiri	ឃុំរយ៉
mundulkiri	ឃុំសុខសាន្ដ
mundulkiri	ឃុំស្រែហ៊ុយ
mundulkiri	ឃុំស្រែសង្គម
mundulkiri	ឃុំដាក់ដាំ
mundulkiri	ឃុំសែនមនោរម្យ
mundulkiri	ឃុំក្រង់តេះ
mundulkiri	ឃុំពូជ្រៃ
mundulkiri	ឃុំស្រែអំពូម
mundulkiri	ឃុំប៊ូស្រា
mundulkiri	សង្កាត់មនោរម្យ
mundulkiri	សង្កាត់សុខដុម
mundulkiri	សង្កាត់ស្ពានមានជ័យ
mundulkiri	សង្កាត់រមនា
kampongthom	ឃុំទំរីង
kampongthom	ឃុំជ័យ
kampongthom	ឃុំកំពង់ចិនត្បូង
kampongthom	ឃុំសណ្តាន់
kampongthom	ឃុំទ្រា
kampongthom	ឃុំចំណាលើ
kampongthom	សង្កាត់អូរកន្ធរ
kampongthom	ឃុំឈូកខ្សាច់
kampongthom	សង្កាត់ស្រយ៉ូវ
kampongthom	ឃុំបាក់ស្នា
kampongthom	សង្កាត់កំពង់ធំ
kampongthom	ឃុំឈូក
kampongthom	ឃុំម្សាក្រង
kampongthom	ឃុំអណ្ដូងពោធិ៍
kampongthom	ឃុំជ្រលង
kampongthom	ឃុំសាលាវិស័យ
kampongthom	ឃុំកកោះ
kampongthom	ឃុំបឹងល្វា
kampongthom	ឃុំដូង
kampongthom	ឃុំសាន់គ
kampongthom	ឃុំពាមបាង
kampongthom	ឃុំគោល
kampongthom	ឃុំពង្រ
kampongthom	ឃុំតាំងក្រសាំង
kampongthom	ឃុំសុចិត្រ
kampongthom	ឃុំដងកាំបិត
kampongthom	ឃុំតាំងក្រសៅ
kampongthom	សង្កាត់កំពង់រទេះ
kampongthom	ឃុំក្រវ៉ា
kampongthom	ឃុំអណ្តូងពោធិ៍
kampongthom	សង្កាត់ព្រៃតាហ៊ូ
kampongthom	ឃុំសាមគ្គី
kampongthom	ឃុំឈើទាល
kampongthom	ឃុំចំណាក្រោម
kampongthom	ឃុំរុងរឿង
kampongthom	ឃុំដំរីស្លាប់
kampongthom	ឃុំចើងដើង
kampongthom	ឃុំកំពង់ស្វាយ
kampongthom	ឃុំជ្រាប់
kampongthom	ឃុំសំបូរ
kampongthom	ឃុំបល្ល័ង្ក
kampongthom	ឃុំស្រើង
kampongthom	ឃុំក្លែង
kampongthom	ឃុំទ្រៀល
kampongthom	សង្កាត់អាចារ្យលាក់
kampongthom	ឃុំមានរិទ្ធ
kampongthom	ឃុំកំពង់ថ្ម
kampongthom	ឃុំសូយោង
kampongthom	ឃុំទួលគ្រើល
kampongthom	ឃុំក្ដីដូង
kampongthom	ឃុំសំព្រោជ
kampongthom	ឃុំគគីធំ
kampongthom	ឃុំត្នោតជុំ
kampongthom	ឃុំប្រឡាយ
kampongthom	ឃុំកំពង់ចិនជើង
kampongthom	ឃុំផាន់ញើម
kampongthom	ឃុំពពក
kampongthom	ឃុំត្បូងក្រពើ
kampongthom	ឃុំក្រយា
kampongthom	ឃុំព្នៅ
kampongthom	ឃុំស្វាយភ្លើង
kampongthom	ឃុំព្រះដំរី
kampongthom	ឃុំត្រពាំងឫស្សី
kampongthom	ឃុំនីពេជ
kampongthom	ឃុំបន្ទាយស្ទោង
kampongthom	ឃុំព្រៃគុយ
kampongthom	សង្កាត់កំពង់ក្របៅ
kampongthom	ឃុំបារាយណ៍
kampongthom	ឃុំច្រនាង
kampongthom	ឃុំផាត់សណ្តាយ
kampongthom	ឃុំបឹង
kampongthom	ឃុំចុងដូង
kampongthom	ឃុំងន
kampongthom	ឃុំសាគ្រាម
kampongthom	ឃុំត្បែង
kampongthom	ឃុំកំពង់គោ
kampongthom	ឃុំស្រឡៅ
kampongthom	ឃុំប្រាសាទ
kampongthom	ឃុំទីពោ
kampongthom	សង្កាត់ដំរីជាន់ខ្លា
kampongthom	ឃុំមានជ័យ
stungtraeng	ឃុំកំភុន
stungtraeng	ឃុំក្បាលរមាស
stungtraeng	ឃុំភ្លុក
stungtraeng	ឃុំសាមឃួយ
stungtraeng	ឃុំស្ដៅ
stungtraeng	ឃុំស្រែគរ
stungtraeng	ឃុំតាឡាត
stungtraeng	ឃុំកោះព្រះ
stungtraeng	ឃុំកោះសំពាយ
stungtraeng	ឃុំកោះស្រឡាយ
stungtraeng	ឃុំអូរម្រះ
stungtraeng	ឃុំអូរឫស្សីកណ្ដាល
stungtraeng	ឃុំសៀមបូក
stungtraeng	ឃុំស្រែក្រសាំង
stungtraeng	ឃុំព្រែកមាស
stungtraeng	ឃុំសេកុង
stungtraeng	ឃុំសន្ដិភាព
stungtraeng	ឃុំស្រែសំបូរ
stungtraeng	ឃុំថ្មកែវ
stungtraeng	សង្កាត់ស្ទឹងត្រែង
stungtraeng	សង្កាត់ស្រះឫស្សី
stungtraeng	សង្កាត់ព្រះបាទ
stungtraeng	សង្កាត់សាមគ្គី
stungtraeng	ឃុំអន្លង់ភេ
stungtraeng	ឃុំចំការលើ
stungtraeng	ឃុំកាំងចាម
stungtraeng	ឃុំអន្លង់ជ្រៃ
stungtraeng	ឃុំអូររ៉ៃ
stungtraeng	ឃុំសំអាង
stungtraeng	ឃុំស្រែឫស្សី
stungtraeng	ឃុំថាឡាបរិវ៉ាត់
stungtraeng	ឃុំអូរស្វាយ
stungtraeng	ឃុំកោះស្នែង
stungtraeng	ឃុំព្រះរំកិល
preyveng	ឃុំបឹងព្រះ
preyveng	ឃុំជើងភ្នំ
preyveng	ឃុំឈើកាច់
preyveng	ឃុំរក្សជ័យ
preyveng	ឃុំរោងដំរី
preyveng	ឃុំស្តៅកោង
preyveng	ឃុំស្ពីក
preyveng	ឃុំស្ពឺខ
preyveng	ឃុំធាយ
preyveng	ឃុំជាច
preyveng	ឃុំដូនកឹង
preyveng	ឃុំក្រញូង
preyveng	ឃុំក្របៅ
preyveng	ឃុំស៊ាងឃ្វាង
preyveng	ឃុំស្មោងខាងជើង
preyveng	ឃុំស្មោងខាងត្បូង
preyveng	ឃុំត្របែក
preyveng	ឃុំអន្សោង
preyveng	ឃុំចាម
preyveng	ឃុំជាងដែក
preyveng	ឃុំជ្រៃ
preyveng	ឃុំកន្សោមអក
preyveng	ឃុំគោខ្ចក
preyveng	ឃុំកំពង់ត្របែក
preyveng	ឃុំពាមមន្ទារ
preyveng	ឃុំប្រាសាទ
preyveng	ឃុំប្រធាតុ
preyveng	ឃុំកន្សោមអក
preyveng	ឃុំព្រែកសំបួរ
preyveng	ឃុំបន្លិចប្រាសាទ
preyveng	ឃុំព្រៃទឹង
preyveng	ឃុំដូនកឹង
preyveng	ឃុំស្ពឺ  ខ
preyveng	ឃុំព្រៃដើមថ្នឹង
preyveng	ឃុំព្រៃខ្លា
preyveng	ឃុំព្រៃឈរ
preyveng	ឃុំព្រៃពោន
preyveng	ឃុំថ្កូវ
preyveng	ឃុំចុងអំពិល
preyveng	ឃុំកញ្ច្រៀច
preyveng	ឃុំក្តឿងរាយ
preyveng	ឃុំគោគគង់កើត
preyveng	ឃុំគោកគង់លិច
preyveng	ឃុំព្រាល
preyveng	ឃុំថ្មពូន
preyveng	ឃុំត្នោត
preyveng	ឃុំអង្គរសរ
preyveng	ឃុំច្រេស
preyveng	ឃុំជីផុច
preyveng	ឃុំព្រៃឃ្នេស
preyveng	ឃុំព្រៃរំដេង
preyveng	ឃុំព្រៃទទឹង
preyveng	ឃុំស្វាយជ្រុំ
preyveng	ឃុំត្រពាំងស្រែ
preyveng	ឃុំអង្គរអង្គ
preyveng	ឃុំកំពង់ប្រាសាទ
preyveng	ឃុំកោះចេក
preyveng	ឃុំកោះរកា
preyveng	ឃុំកោះសំពៅ
preyveng	ឃុំក្រាំងតាយ៉ង
preyveng	ឃុំព្រែកក្របៅ
preyveng	ឃុំព្រែកសំបូរ
preyveng	ឃុំឫស្សីស្រុក
preyveng	ឃុំស្វាយភ្លោះ
preyveng	ឃុំបាបោង
preyveng	ឃុំបន្លិចប្រាសាទ
preyveng	ឃុំអ្នកលឿង
preyveng	ឃុំពាមមានជ័យ
preyveng	ឃុំពាមរក៍
preyveng	ឃុំព្រែកខ្សាយក
preyveng	ឃុំព្រែកខ្សាយខ
preyveng	ឃុំព្រៃកណ្ដៀង
preyveng	ឃុំកំពង់ពពិល
preyveng	ឃុំកញ្ចំ
preyveng	ឃុំកំពង់ប្រាំង
preyveng	ឃុំកំពង់ឫស្សី
preyveng	ឃុំមេសរប្រចាន់
preyveng	ឃុំព្រែកតាសរ
preyveng	ឃុំព្រៃភ្នៅ
preyveng	ឃុំព្រៃស្នៀត
preyveng	ឃុំព្រៃស្រឡិត
preyveng	ឃុំរាប
preyveng	ឃុំរកា
preyveng	ឃុំអង្គររាជ្យ
preyveng	ឃុំបន្ទាយចក្រី
preyveng	ឃុំបឹងដោល
preyveng	ឃុំជៃកំពក
preyveng	ឃុំកំពង់សឹង
preyveng	ឃុំក្រាំងស្វាយ
preyveng	ឃុំល្វា
preyveng	ឃុំព្រះស្តេច
preyveng	ឃុំរាធរ
preyveng	ឃុំរំចេក
preyveng	ឃុំសេនារាជឧត្តម
preyveng	សង្កាត់បារាយណ៍
preyveng	សង្កាត់ជើងទឹក
preyveng	សង្កាត់កំពង់លាវ
preyveng	សង្កាត់តាកោ
preyveng	ឃុំពោធិ៍រៀង
preyveng	ឃុំព្រែកអន្ទះ
preyveng	ឃុំព្រែកជ្រៃ
preyveng	ឃុំព្រៃកន្លោង
preyveng	ឃុំតាកោ
preyveng	ឃុំកំពង់ឫស្សី
preyveng	ឃុំតាសរ
preyveng	ឃុំអំពិលក្រៅ
preyveng	ឃុំជ្រៃឃ្មុំ
preyveng	ឃុំល្វេ
preyveng	ឃុំព្នៅទី១
preyveng	ឃុំព្នៅទី២
preyveng	ឃុំពោធិទី
preyveng	ឃុំព្រែកចង្ក្រាន
preyveng	ឃុំព្រែកដើមថ្នឹង
preyveng	ឃុំព្រែកទឹង
preyveng	ឃុំរំលេច
preyveng	ឃុំឫស្សីសាញ់
preyveng	ឃុំអង្គរទ្រេត
preyveng	ឃុំជាខ្លាង
preyveng	ឃុំជ្រៃ
preyveng	ឃុំដំរីពួន
preyveng	ឃុំមេបុណ្យ
preyveng	ឃុំពានរោង
preyveng	ឃុំពពឺស
preyveng	ឃុំព្រៃខ្លា
preyveng	ឃុំសំរោង
preyveng	ឃុំស្វាយអន្ទរ
preyveng	ឃុំទឹកថ្លា
ordomeanchey	ឃុំអន្លង់វែង
ordomeanchey	ឃុំត្រពាំងតាវ
ordomeanchey	ឃុំត្រពាំងប្រីយ៍
ordomeanchey	ឃុំថ្លាត
ordomeanchey	ឃុំលំទង
ordomeanchey	ឃុំអំពិល
ordomeanchey	ឃុំបេង
ordomeanchey	ឃុំគោកខ្ពស់
ordomeanchey	ឃុំគោកមន
ordomeanchey	ឃុំជើងទៀន
ordomeanchey	ឃុំចុងកាល់
ordomeanchey	ឃុំក្រសាំង
ordomeanchey	ឃុំពង្រ
ordomeanchey	សង្កាត់សំរោង
ordomeanchey	សង្កាត់បន្សាយរាក់
ordomeanchey	សង្កាត់កូនគ្រៀល
ordomeanchey	សង្កាត់បុស្បូវ
ordomeanchey	សង្កាត់អូរស្មាច់
ordomeanchey	សង្កាត់ក្រសាំងមានជ័យ
ordomeanchey	ឃុំបាក់អន្លូង
ordomeanchey	ឃុំផ្អាវ
ordomeanchey	ឃុំអូរស្វាយ
ordomeanchey	ឃុំព្រះប្រឡាយ
ordomeanchey	ឃុំទំនប់ដាច់
ordomeanchey	ឃុំត្រពាំងប្រាសាទ
tbongkhmum	ឃុំចុងជាច
tbongkhmum	ឃុំតំបែរ
tbongkhmum	ឃុំគោកស្រុក
tbongkhmum	ឃុំនាងទើត
tbongkhmum	ឃុំសេដា
tbongkhmum	ឃុំត្រពាំងព្រីង
tbongkhmum	ឃុំទឹកជ្រៅ
tbongkhmum	ឃុំឈូក
tbongkhmum	ឃុំជំនីក
tbongkhmum	ឃុំកំពង់ទ្រាស
tbongkhmum	ឃុំកោះពីរ
tbongkhmum	ឃុំក្រូចឆ្មារ
tbongkhmum	ឃុំប៉ឺស១
tbongkhmum	ឃុំប៉ឺស២
tbongkhmum	ឃុំព្រែកអាជី
tbongkhmum	ឃុំរការខ្នុរ
tbongkhmum	ឃុំស្វាយឃ្លាំង
tbongkhmum	ឃុំទ្រា
tbongkhmum	ឃុំទួលស្នួល
tbongkhmum	ឃុំចាន់មូល
tbongkhmum	ឃុំជាំ
tbongkhmum	ឃុំជាំក្រវៀន
tbongkhmum	ឃុំជាំតាម៉ៅ
tbongkhmum	ឃុំដារ
tbongkhmum	ឃុំកំពាន់
tbongkhmum	ឃុំគគីរ
tbongkhmum	ឃុំមេមង
tbongkhmum	ឃុំមេមត់
tbongkhmum	ឃុំរំចេក
tbongkhmum	ឃុំរូង
tbongkhmum	ឃុំទន្លូង
tbongkhmum	ឃុំត្រមូង
tbongkhmum	ឃុំទ្រៀក
tbongkhmum	ឃុំអំពិលតាពក
tbongkhmum	ឃុំចក
tbongkhmum	ឃុំដំរិល
tbongkhmum	ឃុំគងជ័យ
tbongkhmum	ឃុំមៀន
tbongkhmum	ឃុំព្រះធាតុ
tbongkhmum	ឃុំទួលសូភី
tbongkhmum	ឃុំដូនតី
tbongkhmum	ឃុំកក់
tbongkhmum	ឃុំកណ្ដោលជ្រុំ
tbongkhmum	ឃុំកោងកាង
tbongkhmum	ឃុំក្រែក
tbongkhmum	ឃុំពពេល
tbongkhmum	ឃុំត្រពាំងផ្លុង
tbongkhmum	ឃុំវាលម្លូរ
tbongkhmum	ឃុំសួង
tbongkhmum	ឃុំវិហារលួង
tbongkhmum	ឃុំអញ្ចើម
tbongkhmum	ឃុំបឹងព្រួល
tbongkhmum	ឃុំជីគរ
tbongkhmum	ឃុំជីរោទ៍ ទី១
tbongkhmum	ឃុំជីរោទ៍ ទី២
tbongkhmum	ឃុំជប់
tbongkhmum	ឃុំគរ
tbongkhmum	ឃុំល្ងៀង
tbongkhmum	ឃុំមង់រៀវ
tbongkhmum	ឃុំពាមជីលាំង
tbongkhmum	ឃុំរកាពប្រាំ
tbongkhmum	ឃុំស្រឡប់
tbongkhmum	ឃុំថ្មពេជ្រ
tbongkhmum	ឃុំទន្លេបិទ
svayrieng	ឃុំចន្ទ្រា
svayrieng	ឃុំច្រេស
svayrieng	ឃុំមេ សរថ្ងក
svayrieng	ឃុំព្រៃគគីរ
svayrieng	ឃុំសំរោង
svayrieng	ឃុំទួលស្ដី
svayrieng	ឃុំបន្ទាយក្រាំង
svayrieng	ឃុំញរ
svayrieng	ឃុំខ្សែត្រ
svayrieng	ឃុំព្រះពន្លា
svayrieng	ឃុំព្រៃធំ
svayrieng	ឃុំរាជមន្ទីរ
svayrieng	ឃុំសំឡី
svayrieng	ឃុំសំយ៉ោង
svayrieng	ឃុំស្វាយតាយាន
svayrieng	ឃុំថ្មី
svayrieng	ឃុំត្នោត
svayrieng	ឃុំបុសមន
svayrieng	ឃុំធ្មា
svayrieng	ឃុំកំពង់ចក
svayrieng	ឃុំជ្រុងពពេល
svayrieng	ឃុំកំពង់អំពិល
svayrieng	ឃុំម៉ឺនជ័យ
svayrieng	ឃុំពងទឹក
svayrieng	ឃុំសង្កែ
svayrieng	ឃុំស្វាយចេក
svayrieng	ឃុំថ្នាធ្នង់
svayrieng	ឃុំអំពិល
svayrieng	ឃុំអណ្ដូងពោធិ៍
svayrieng	ឃុំអណ្ដូងត្របែក
svayrieng	ឃុំអង្គប្រស្រែ
svayrieng	ឃុំចន្ដ្រី
svayrieng	ឃុំជ្រៃធំ
svayrieng	ឃុំដូង
svayrieng	ឃុំកំពង់ត្រាច
svayrieng	ឃុំគគីរ
svayrieng	ឃុំក្រសាំង
svayrieng	ឃុំមុខដា
svayrieng	ឃុំម្រាម
svayrieng	ឃុំសំបួរ
svayrieng	ឃុំសម្បត្ដិមានជ័យ
svayrieng	ឃុំត្រពាំងស្ដៅ
svayrieng	ឃុំត្រស់
svayrieng	ឃុំអង្គតាសូ
svayrieng	ឃុំបាសាក់
svayrieng	ឃុំចំបក់
svayrieng	ឃុំកំពង់ចំឡង
svayrieng	ឃុំតាសួស
svayrieng	ឃុំឈើទាល
svayrieng	ឃុំដូនស
svayrieng	ឃុំគោកព្រីង
svayrieng	ឃុំក្រោលគោ
svayrieng	ឃុំគ្រួស
svayrieng	ឃុំពោធិរាជ
svayrieng	ឃុំស្វាយអង្គ
svayrieng	ឃុំស្វាយជ្រំ
svayrieng	ឃុំស្វាយធំ
svayrieng	ឃុំស្វាយយា
svayrieng	ឃុំធ្លក
svayrieng	សង្កាត់ស្វាយរៀង
svayrieng	សង្កាត់ព្រៃឆ្លាក់
svayrieng	សង្កាត់គយត្របែក
svayrieng	សង្កាត់ពោធិ៍តាហោ
svayrieng	សង្កាត់ចេក
svayrieng	សង្កាត់ស្វាយតឿ
svayrieng	សង្កាត់សង្ឃ័រ
svayrieng	ឃុំគគីសោម
svayrieng	ឃុំកណ្ដៀងរាយ
svayrieng	ឃុំមនោរម្យ
svayrieng	ឃុំពពែត
svayrieng	ឃុំព្រៃតាអី
svayrieng	ឃុំប្រសូត្រ
svayrieng	ឃុំរមាំងថ្កោល
svayrieng	ឃុំសំបួរ
svayrieng	ឃុំស្វាយរំពារ
svayrieng	សង្កាត់បាទី
svayrieng	សង្កាត់បាវិត
svayrieng	សង្កាត់ច្រកម្ទេស
svayrieng	សង្កាត់ប្រាសាទ
svayrieng	សង្កាត់ព្រៃអង្គុញ
battambang	ឃុំកន្ទឺ១
battambang	ឃុំកន្ទឺ២
battambang	ឃុំបាយដំរាំ
battambang	ឃុំឈើទាល
battambang	ឃុំចែងមានជ័យ
battambang	ឃុំភ្នំសំពៅ
battambang	ឃុំស្នឹង
battambang	ឃុំតាគ្រាម
battambang	ឃុំតាពូង
battambang	ឃុំតាម៉ឺន
battambang	ឃុំអូរតាគី
battambang	ឃុំជ្រៃ
battambang	ឃុំអន្លង់រុន
battambang	ឃុំជ្រោយស្ដៅ
battambang	ឃុំបឹងព្រីង
battambang	ឃុំគោកឃ្មុំ
battambang	ឃុំបន្សាយត្រែង
battambang	ឃុំរូងជ្រៃ
battambang	សង្កាត់ទួលតាឯក
battambang	សង្កាត់ព្រែកព្រះស្ដេច
battambang	សង្កាត់រតនៈ
battambang	សង្កាត់ចំការសំរោង
battambang	សង្កាត់ស្លាកែត
battambang	សង្កាត់ក្ដុលដូនទាវ
battambang	សង្កាត់អូម៉ាល់
battambang	សង្កាត់វត្ដគរ
battambang	សង្កាត់អូរចារ
battambang	សង្កាត់ស្វាយប៉ោ
battambang	ឃុំបវេល
battambang	ឃុំខ្នាចរមាស
battambang	ឃុំល្វា
battambang	ឃុំព្រៃខ្ពស់
battambang	ឃុំអំពិលប្រាំដើម
battambang	ឃុំក្ដុលតាហែន
battambang	ឃុំឃ្លាំងមាស
battambang	ឃុំបឹងប្រាំ
battambang	ឃុំបួវិល
battambang	ឃុំព្រែកនរិន្ទ
battambang	ឃុំសំរោងក្នុង
battambang	ឃុំព្រែកខ្ពប
battambang	ឃុំព្រែកហ្លួង
battambang	ឃុំពាមឯក
battambang	ឃុំព្រៃចាស់
battambang	ឃុំកោះជីវាំង
battambang	ឃុំមោង
battambang	ឃុំគារ
battambang	ឃុំព្រៃស្វាយ
battambang	ឃុំឫស្សីក្រាំង
battambang	ឃុំជ្រៃ
battambang	ឃុំតាលាស់
battambang	ឃុំកកោះ
battambang	ឃុំព្រៃតូច
battambang	ឃុំរបស់មង្គល
battambang	ឃុំស្ដៅ
battambang	ឃុំអណ្ដើកហែប
battambang	ឃុំផ្លូវមាស
battambang	ឃុំត្រែង
battambang	ឃុំរស្មីសង្ហារ
battambang	ឃុំអន្លង់វិល
battambang	ឃុំនរា
battambang	ឃុំតាប៉ុន
battambang	ឃុំរកា
battambang	ឃុំកំពង់ព្រះ
battambang	ឃុំកំពង់ព្រៀង
battambang	ឃុំរាំងកេសី
battambang	ឃុំអូរដំបង១
battambang	ឃុំអូរដំបង២
battambang	ឃុំវត្ដតាមឹម
battambang	ឃុំតាតោក
battambang	ឃុំកំពង់ល្ពៅ
battambang	ឃុំអូរសំរិល
battambang	ឃុំស៊ុង
battambang	ឃុំសំឡូត
battambang	ឃុំមានជ័យ
battambang	ឃុំតាសាញ
battambang	ឃុំសំពៅលូន
battambang	ឃុំអង្គរបាន
battambang	ឃុំតាស្ដា
battambang	ឃុំសន្ដិភាព
battambang	ឃុំសេរីមានជ័យ
battambang	ឃុំជ្រៃសីមា
battambang	ឃុំភ្នំព្រឹក
battambang	ឃុំពេជ្រចិន្ដា
battambang	ឃុំបួរ
battambang	ឃុំបារាំងធ្លាក់
battambang	ឃុំអូររំដួល
battambang	ឃុំកំរៀង
battambang	ឃុំបឹងរាំង
battambang	ឃុំអូរដា
battambang	ឃុំត្រាង
battambang	ឃុំតាសែន
battambang	ឃុំតាក្រី
battambang	ឃុំធិបតី
battambang	ឃុំគាស់ក្រឡ
battambang	ឃុំហប់
battambang	ឃុំព្រះផុស
battambang	ឃុំដូនបា
battambang	ឃុំឆ្នាល់មាន់
battambang	ឃុំព្រែកជីក
battambang	ឃុំព្រៃត្រឡាច
battambang	ឃុំមុខរាហ៍
battambang	ឃុំស្តុកប្រវឹក
battambang	ឃុំបាសាក់
kampongcham	ឃុំបាធាយ
kampongcham	ឃុំច្បារអំពៅ
kampongcham	ឃុំជាលា
kampongcham	ឃុំជើងព្រៃ
kampongcham	ឃុំមេព្រីង
kampongcham	ឃុំផ្អាវ
kampongcham	ឃុំសំបូរ
kampongcham	ឃុំសណ្ដែក
kampongcham	ឃុំតាំងក្រាំង
kampongcham	ឃុំតាំងក្រសាំង
kampongcham	ឃុំត្រប់
kampongcham	ឃុំទំនប់
kampongcham	ឃុំបុសខ្នុរ
kampongcham	ឃុំចំការអណ្ដូង
kampongcham	ឃុំជយោ
kampongcham	ឃុំល្វាលើ
kampongcham	ឃុំស្ពឺ
kampongcham	ឃុំស្វាយទាប
kampongcham	ឃុំតាអុង
kampongcham	ឃុំតាប្រុក
kampongcham	ឃុំខ្នុរដំបង
kampongcham	ឃុំគោករវៀង
kampongcham	ឃុំផ្ដៅជុំ
kampongcham	ឃុំព្រៃចារ
kampongcham	ឃុំព្រីងជ្រុំ
kampongcham	ឃុំសំពងជ័យ
kampongcham	ឃុំស្ដើងជ័យ
kampongcham	ឃុំសូទិព្វ
kampongcham	ឃុំស្រម៉រ
kampongcham	ឃុំត្រពាំងគរ
kampongcham	សង្កាត់បឹងកុក
kampongcham	សង្កាត់កំពង់ចាម
kampongcham	សង្កាត់សំបួរមាស
kampongcham	សង្កាត់វាលវង់
kampongcham	ឃុំអំពិល
kampongcham	ឃុំហាន់ជ័យ
kampongcham	ឃុំកៀនជ្រៃ
kampongcham	ឃុំគគរ
kampongcham	ឃុំកោះមិត្ដ
kampongcham	ឃុំកោះរកា
kampongcham	ឃុំកោះសំរោង
kampongcham	ឃុំកោះទន្ទឹម
kampongcham	ឃុំក្រឡា
kampongcham	ឃុំអូរស្វាយ
kampongcham	ឃុំរអាង
kampongcham	ឃុំរំចេក
kampongcham	ឃុំស្រក
kampongcham	ឃុំទ្រាន
kampongcham	ឃុំវិហារធំ
kampongcham	ឃុំអង្គរបាន
kampongcham	ឃុំកងតាណឹង
kampongcham	ឃុំខ្ចៅ
kampongcham	ឃុំពាមជីកង
kampongcham	ឃុំព្រែកកុយ
kampongcham	ឃុំព្រែកក្របៅ
kampongcham	ឃុំរាយប៉ាយ
kampongcham	ឃុំរកាអារ
kampongcham	ឃុំរកាគយ
kampongcham	ឃុំស្តៅ
kampongcham	ឃុំសូរគង
kampongcham	ឃុំកំពង់រាប
kampongcham	ឃុំកោះសូទិន
kampongcham	ឃុំល្វេ
kampongcham	ឃុំមហាលាភ
kampongcham	ឃុំមហាខ្ញូង
kampongcham	ឃុំពាមប្រធ្នោះ
kampongcham	ឃុំពង្រ
kampongcham	ឃុំព្រែកតានង់
kampongcham	ឃុំបារាយណ៍
kampongcham	ឃុំបឹងណាយ
kampongcham	ឃុំជ្រៃវៀន
kampongcham	ឃុំខ្វិតធំ
kampongcham	ឃុំគរ
kampongcham	ឃុំក្រូច
kampongcham	ឃុំល្វា
kampongcham	ឃុំមៀន
kampongcham	ឃុំព្រៃឈរ
kampongcham	ឃុំសូរ្យសែន
kampongcham	ឃុំសំរោង
kampongcham	ឃុំស្រង៉ែ
kampongcham	ឃុំថ្មពូន
kampongcham	ឃុំតុងរ៉ុង
kampongcham	ឃុំត្រពាំងព្រះ
kampongcham	ឃុំបារាយណ៍
kampongcham	ឃុំជីបាល
kampongcham	ឃុំខ្នារស
kampongcham	ឃុំកោះអណ្តែត
kampongcham	ឃុំមានជ័យ
kampongcham	ឃុំផ្ទះកណ្តាល
kampongcham	ឃុំប្រាំយ៉ាម
kampongcham	ឃុំព្រែកដំបូក
kampongcham	ឃុំព្រែកពោធិ
kampongcham	ឃុំព្រែករំដេង
kampongcham	ឃុំឫស្សីស្រុក
kampongcham	ឃុំស្វាយពោធិ
kampongcham	ឃុំស្វាយសាច់ភ្នំ
kampongcham	ឃុំទងត្រឡាច
kampongcham	ឃុំអារក្សត្នោត
kampongcham	ឃុំដងក្តារ
kampongcham	ឃុំខ្ពបតាងួន
kampongcham	ឃុំមេសរជ្រៃ
kampongcham	ឃុំអូរម្លូ
kampongcham	ឃុំពាមកោះស្នា
kampongcham	ឃុំព្រះអណ្តូង
kampongcham	ឃុំព្រែកបាក់
kampongcham	ឃុំព្រែកកក់
kampongcham	ឃុំសូភាស
kampongcham	ឃុំទួលព្រះឃ្លាំង
kampongcham	ឃុំទួលសំបូរ
kampongchnang	ឃុំអញ្ចាញរូង
kampongchnang	ឃុំឆ្នុកទ្រូ
kampongchnang	ឃុំចក
kampongchnang	ឃុំខុនរ៉ង
kampongchnang	ឃុំកំពង់ព្រះគគីរ
kampongchnang	ឃុំមេលំ
kampongchnang	ឃុំផ្សារ
kampongchnang	ឃុំពេជ្រចង្វារ
kampongchnang	ឃុំពពេល
kampongchnang	ឃុំពន្លៃ
kampongchnang	ឃុំត្រពាំងចាន់
kampongchnang	ឃុំជលសា
kampongchnang	ឃុំកោះថ្កូវ
kampongchnang	ឃុំកំពង់អុស
kampongchnang	ឃុំពាមឆ្កោក
kampongchnang	ឃុំព្រៃគ្រី
kampongchnang	សង្កាត់ផ្សារឆ្នាំង
kampongchnang	សង្កាត់កំពង់ឆ្នាំង
kampongchnang	សង្កាត់ប្អេរ
kampongchnang	សង្កាត់ខ្សាម
kampongchnang	ឃុំច្រណូក
kampongchnang	ឃុំដារ
kampongchnang	ឃុំកំពង់ហៅ
kampongchnang	ឃុំផ្លូវទូក
kampongchnang	ឃុំពោធិ៍
kampongchnang	ឃុំប្រឡាយមាស
kampongchnang	ឃុំសំរោងសែន
kampongchnang	ឃុំស្វាយរំពារ
kampongchnang	ឃុំត្រងិល
kampongchnang	ឃុំអំពិលទឹក
kampongchnang	ឃុំឈូកស
kampongchnang	ឃុំច្រេស
kampongchnang	ឃុំកំពង់ត្រឡាច
kampongchnang	ឃុំលង្វែក
kampongchnang	ឃុំអូរឫស្សី
kampongchnang	ឃុំពានី
kampongchnang	ឃុំសែប
kampongchnang	ឃុំតាជេស
kampongchnang	ឃុំថ្មឥដ្ឋ
kampongchnang	ឃុំអណ្តូងស្នាយ
kampongchnang	ឃុំបន្ទាយព្រាល
kampongchnang	ឃុំជើងគ្រាវ
kampongchnang	ឃុំជ្រៃបាក់
kampongchnang	ឃុំគោកបន្ទាយ
kampongchnang	ឃុំក្រាំងលាវ
kampongchnang	ឃុំពង្រ
kampongchnang	ឃុំប្រស្នឹប
kampongchnang	ឃុំព្រៃមូល
kampongchnang	ឃុំរលាប្អៀរ
kampongchnang	ឃុំស្រែថ្មី
kampongchnang	ឃុំស្វាយជ្រុំ
kampongchnang	ឃុំទឹកហូត
kampongchnang	ឃុំភ្នំក្រាំងដីមាស
kampongchnang	ឃុំឈានឡើង
kampongchnang	ឃុំខ្នាឆ្មារ
kampongchnang	ឃុំក្រាំងល្វា
kampongchnang	ឃុំពាម
kampongchnang	ឃុំសេដ្ឋី
kampongchnang	ឃុំស្វាយ
kampongchnang	ឃុំស្វាយជុក
kampongchnang	ឃុំត្បែងខ្ពស់
kampongchnang	ឃុំធ្លកវៀន
kampongchnang	ឃុំអភិវឌ្ឍន៍
kampongchnang	ឃុំជៀប
kampongchnang	ឃុំចោងម៉ោង
kampongchnang	ឃុំក្បាលទឹក
kampongchnang	ឃុំខ្លុងពពក
kampongchnang	ឃុំក្រាំងស្គារ
kampongchnang	ឃុំតាំងក្រសាំង
kampongchnang	ឃុំទួលខ្ពស់
kampongchnang	ឃុំក្ដុលសែនជ័យ
pursat	ឃុំបឹងបត់កណ្ដាល
pursat	ឃុំបឹងខ្នារ
pursat	ឃុំខ្នារទទឹង
pursat	ឃុំមេទឹក
pursat	ឃុំអូរតាប៉ោង
pursat	ឃុំរំលេច
pursat	ឃុំស្នាមព្រះ
pursat	ឃុំស្វាយដូនកែវ
pursat	ឃុំតាលោ
pursat	ឃុំត្រពាំងជង
pursat	ឃុំអន្លង់វិល
pursat	ឃុំកណ្ដៀង
pursat	ឃុំកញ្ជរ
pursat	ឃុំរាំងទិល
pursat	ឃុំស្រែស្ដុក
pursat	ឃុំស្វាយលួង
pursat	ឃុំស្យា
pursat	ឃុំវាល
pursat	ឃុំកោះជុំ
pursat	ឃុំអន្លង់ត្នោត
pursat	ឃុំអន្សាចំបក់
pursat	ឃុំបឹងកន្ទួត
pursat	ឃុំឈើតុំ
pursat	ឃុំកំពង់លួង
pursat	ឃុំកំពង់ពោធិ៍
pursat	ឃុំក្បាលត្រាច
pursat	ឃុំអូរសណ្ដាន់
pursat	ឃុំស្នាអន្សា
pursat	ឃុំស្វាយស
pursat	ឃុំត្នោតជុំ
pursat	ឃុំបាក់ចិញ្ចៀន
pursat	ឃុំលាច
pursat	ឃុំផ្ទះរុង
pursat	ឃុំព្រងិល
pursat	ឃុំរកាត
pursat	ឃុំសន្ទ្រែ
pursat	ឃុំសំរោង
pursat	សង្កាត់ចំរើនផល
pursat	សង្កាត់លលកស
pursat	សង្កាត់ផ្ទះព្រៃ
pursat	សង្កាត់ព្រៃញី
pursat	សង្កាត់រលាប
pursat	សង្កាត់ស្វាយអាត់
pursat	សង្កាត់បន្ទាយដី
pursat	ឃុំអូរសោម
pursat	ឃុំក្រពើពីរ
pursat	ឃុំអន្លង់រាប
pursat	ឃុំប្រម៉ោយ
pursat	ឃុំថ្មដា
pursat	ឃុំតាលោ
